{"_timestamp":1.7322230970141816e+09,"_runtime":190.726643808,"_step":39,"_wandb":{"runtime":190},"absolute training set mse":0.03728649711443318,"relative training set mse":0.33762770891189575}