{"loss":0.058129128584153526,"_timestamp":1.7322201119830086e+09,"_runtime":0.622643887,"_step":7,"_wandb":{"runtime":0},"acc":0.85791507640918}